condition,name,size,taskid,stage,activeView,updateId,parallel,view,count,time
vegaFusion,flights,500000,-1,update,none,-1,false,false,1,1204.7
vegaFusion,flights,500000,-1,update,none,-1,false,false,1,590.3
vegaFusion,flights,500000,-1,update,none,-1,false,false,1,573.1
vegaFusion,flights,500000,-1,update,none,-1,false,false,1,541.4
vegaFusion,flights,500000,-1,update,none,-1,false,false,1,504.2
vegaFusion,flights,500000,-1,update,none,-1,false,false,1,496.5
vegaFusion,flights,500000,-1,update,none,-1,false,false,1,494.5
vegaFusion,flights,500000,-1,update,none,-1,false,false,1,519.1
vegaFusion,flights,500000,-1,update,none,-1,false,false,1,571.5
vegaFusion,flights,500000,-1,update,none,-1,false,false,1,564.6
vegaFusion,flights,500000,-1,update,none,-1,false,false,1,467.1
vegaFusion,flights,500000,-1,update,none,-1,false,false,1,561.0
vegaFusion,flights,500000,-1,update,none,-1,false,false,1,570.0
vegaFusion,flights,500000,-1,update,none,-1,false,false,1,467.9
vegaFusion,flights,500000,-1,update,none,-1,false,false,1,564.2
vegaFusion,flights,500000,-1,update,none,-1,false,false,1,565.4
vegaFusion,flights,500000,-1,update,none,-1,false,false,1,473.4
vegaFusion,flights,500000,-1,update,none,-1,false,false,1,479.2
vegaFusion,flights,500000,-1,update,none,-1,false,false,1,558.0
vegaFusion,flights,500000,-1,update,none,-1,false,false,1,471.7
vegaFusion,flights,500000,-1,update,none,-1,false,false,1,493.6
vegaFusion,flights,500000,-1,update,none,-1,false,false,1,571.1
vegaFusion,flights,500000,-1,update,none,-1,false,false,1,480.9
vegaFusion,flights,500000,-1,update,none,-1,false,false,1,567.8
vegaFusion,flights,500000,-1,update,none,-1,false,false,1,496.4
vegaFusion,flights,500000,-1,update,none,-1,false,false,1,512.0
vegaFusion,flights,500000,-1,update,none,-1,false,false,1,489.9
vegaFusion,flights,500000,-1,update,none,-1,false,false,1,502.0
vegaFusion,flights,500000,-1,update,none,-1,false,false,1,583.2
vegaFusion,flights,500000,-1,update,none,-1,false,false,1,599.1
vegaFusion,flights,500000,-1,update,none,-1,false,false,1,490.1
vegaFusion,flights,500000,-1,update,none,-1,false,false,1,597.9
vegaFusion,flights,500000,-1,update,none,-1,false,false,1,495.6
vegaFusion,flights,500000,-1,update,none,-1,false,false,1,467.7
vegaFusion,flights,500000,-1,update,none,-1,false,false,1,477.2
vegaFusion,flights,500000,-1,update,none,-1,false,false,1,485.2
vegaFusion,flights,500000,-1,update,none,-1,false,false,1,490.5
vegaFusion,flights,500000,-1,update,none,-1,false,false,1,565.8
vegaFusion,flights,500000,-1,update,none,-1,false,false,1,478.1
vegaFusion,flights,500000,-1,update,none,-1,false,false,1,567.2
vegaFusion,flights,500000,-1,update,none,-1,false,false,1,464.2
vegaFusion,flights,500000,-1,update,none,-1,false,false,1,465.8
vegaFusion,flights,500000,-1,update,none,-1,false,false,1,460.2
vegaFusion,flights,500000,-1,update,none,-1,false,false,1,466.2
vegaFusion,flights,500000,-1,update,none,-1,false,false,1,466.7
vegaFusion,flights,500000,-1,update,none,-1,false,false,1,457.1
vegaFusion,flights,500000,-1,update,none,-1,false,false,1,565.7
vegaFusion,flights,500000,-1,update,none,-1,false,false,1,486.0
vegaFusion,flights,500000,-1,update,none,-1,false,false,1,482.3
vegaFusion,flights,500000,-1,update,none,-1,false,false,1,486.5
vegaFusion,flights,500000,-1,update,none,-1,false,false,1,476.4
vegaFusion,flights,500000,-1,update,none,-1,false,false,1,486.3
vegaFusion,flights,500000,-1,update,none,-1,false,false,1,488.7
vegaFusion,flights,500000,-1,update,none,-1,false,false,1,469.6
vegaFusion,flights,500000,-1,update,none,-1,false,false,1,578.9
vegaFusion,flights,500000,-1,update,none,-1,false,false,1,568.3
vegaFusion,flights,500000,-1,update,none,-1,false,false,1,469.0
vegaFusion,flights,500000,-1,update,none,-1,false,false,1,578.5
vegaFusion,flights,500000,-1,update,none,-1,false,false,1,466.3
vegaFusion,flights,500000,-1,update,none,-1,false,false,1,566.0
vegaFusion,flights,500000,-1,update,none,-1,false,false,1,556.9
vegaFusion,flights,500000,-1,update,none,-1,false,false,1,463.3
vegaFusion,flights,500000,-1,update,none,-1,false,false,1,469.5
vegaFusion,flights,500000,-1,update,none,-1,false,false,1,473.7
vegaFusion,flights,500000,-1,update,none,-1,false,false,1,475.1
vegaFusion,flights,500000,-1,update,none,-1,false,false,1,465.7
vegaFusion,flights,500000,-1,update,none,-1,false,false,1,488.9
vegaFusion,flights,500000,-1,update,none,-1,false,false,1,571.0
vegaFusion,flights,500000,-1,update,none,-1,false,false,1,462.2
vegaFusion,flights,500000,-1,update,none,-1,false,false,1,470.8
vegaFusion,flights,500000,-1,update,none,-1,false,false,1,564.4
vegaFusion,flights,500000,-1,update,none,-1,false,false,1,480.1
vegaFusion,flights,500000,-1,update,none,-1,false,false,1,469.5
vegaFusion,flights,500000,-1,update,none,-1,false,false,1,473.4
vegaFusion,flights,500000,-1,update,none,-1,false,false,1,482.8
vegaFusion,flights,500000,-1,update,none,-1,false,false,1,486.1
vegaFusion,flights,500000,-1,update,none,-1,false,false,1,485.6
vegaFusion,flights,500000,-1,update,none,-1,false,false,1,489.6
vegaFusion,flights,500000,-1,update,none,-1,false,false,1,564.2
vegaFusion,flights,500000,-1,update,none,-1,false,false,1,482.3
vegaFusion,flights,500000,-1,update,none,-1,false,false,1,552.3
vegaFusion,flights,500000,-1,update,none,-1,false,false,1,487.0
vegaFusion,flights,500000,-1,update,none,-1,false,false,1,472.6
vegaFusion,flights,500000,-1,update,none,-1,false,false,1,480.9
vegaFusion,flights,500000,-1,update,none,-1,false,false,1,563.1
vegaFusion,flights,500000,-1,update,none,-1,false,false,1,468.6
vegaFusion,flights,500000,-1,update,none,-1,false,false,1,553.2
vegaFusion,flights,500000,-1,update,none,-1,false,false,1,566.5
vegaFusion,flights,500000,-1,update,none,-1,false,false,1,477.8
vegaFusion,flights,500000,-1,update,none,-1,false,false,1,564.2
vegaFusion,flights,500000,-1,update,none,-1,false,false,1,473.1
vegaFusion,flights,500000,-1,update,none,-1,false,false,1,571.5
vegaFusion,flights,500000,-1,update,none,-1,false,false,1,566.5
vegaFusion,flights,500000,-1,update,none,-1,false,false,1,567.3
vegaFusion,flights,500000,-1,update,none,-1,false,false,1,566.0
vegaFusion,flights,500000,-1,update,none,-1,false,false,1,488.6
vegaFusion,flights,500000,-1,update,none,-1,false,false,1,487.5
vegaFusion,flights,500000,-1,update,none,-1,false,false,1,487.9
vegaFusion,flights,500000,-1,update,none,-1,false,false,1,482.3
vegaFusion,flights,500000,-1,update,none,-1,false,false,1,541.6
vegaFusion,flights,500000,-1,update,none,-1,false,false,1,566.7
vegaFusion,flights,500000,-1,update,none,-1,false,false,1,573.2
vegaFusion,flights,500000,-1,update,none,-1,false,false,1,564.4
vegaFusion,flights,500000,-1,update,none,-1,false,false,1,482.2
vegaFusion,flights,500000,-1,update,none,-1,false,false,1,471.9
vegaFusion,flights,500000,-1,update,none,-1,false,false,1,471.6
vegaFusion,flights,500000,-1,update,none,-1,false,false,1,543.5
vegaFusion,flights,500000,-1,update,none,-1,false,false,1,570.8
vegaFusion,flights,500000,-1,update,none,-1,false,false,1,492.4
vegaFusion,flights,500000,-1,update,none,-1,false,false,1,568.4
vegaFusion,flights,500000,-1,update,none,-1,false,false,1,468.8
vegaFusion,flights,500000,-1,update,none,-1,false,false,1,487.3
vegaFusion,flights,500000,-1,update,none,-1,false,false,1,568.4
vegaFusion,flights,500000,-1,update,none,-1,false,false,1,492.2
vegaFusion,flights,500000,-1,update,none,-1,false,false,1,494.2
vegaFusion,flights,500000,-1,update,none,-1,false,false,1,505.6
vegaFusion,flights,500000,-1,update,none,-1,false,false,1,475.1
vegaFusion,flights,500000,-1,update,none,-1,false,false,1,480.5
vegaFusion,flights,500000,-1,update,none,-1,false,false,1,499.4
vegaFusion,flights,500000,-1,update,none,-1,false,false,1,513.2
vegaFusion,flights,500000,-1,update,none,-1,false,false,1,499.9
vegaFusion,flights,500000,-1,update,none,-1,false,false,1,564.9
vegaFusion,flights,500000,-1,update,none,-1,false,false,1,551.7
vegaFusion,flights,500000,-1,update,none,-1,false,false,1,489.9
vegaFusion,flights,500000,-1,update,none,-1,false,false,1,471.0
vegaFusion,flights,500000,-1,update,none,-1,false,false,1,486.0
vegaFusion,flights,500000,-1,update,none,-1,false,false,1,477.4
vegaFusion,flights,500000,-1,update,none,-1,false,false,1,484.1
vegaFusion,flights,500000,-1,update,none,-1,false,false,1,489.1
vegaFusion,flights,500000,-1,update,none,-1,false,false,1,571.1
vegaFusion,flights,500000,-1,update,none,-1,false,false,1,569.5
vegaFusion,flights,500000,-1,update,none,-1,false,false,1,477.1
vegaFusion,flights,500000,-1,update,none,-1,false,false,1,583.9
vegaFusion,flights,500000,-1,update,none,-1,false,false,1,580.9
vegaFusion,flights,500000,-1,update,none,-1,false,false,1,473.7
vegaFusion,flights,500000,-1,update,none,-1,false,false,1,569.9
vegaFusion,flights,500000,-1,update,none,-1,false,false,1,487.6
vegaFusion,flights,500000,-1,update,none,-1,false,false,1,487.2
vegaFusion,flights,500000,-1,update,none,-1,false,false,1,489.5
vegaFusion,flights,500000,-1,update,none,-1,false,false,1,485.0
vegaFusion,flights,500000,-1,update,none,-1,false,false,1,473.3
vegaFusion,flights,500000,-1,update,none,-1,false,false,1,472.8
vegaFusion,flights,500000,-1,update,none,-1,false,false,1,470.9
vegaFusion,flights,500000,-1,update,none,-1,false,false,1,566.7
vegaFusion,flights,500000,-1,update,none,-1,false,false,1,490.7
vegaFusion,flights,500000,-1,update,none,-1,false,false,1,471.5
vegaFusion,flights,500000,-1,update,none,-1,false,false,1,571.6
vegaFusion,flights,500000,-1,update,none,-1,false,false,1,467.8
vegaFusion,flights,500000,-1,update,none,-1,false,false,1,488.0
vegaFusion,flights,500000,-1,update,none,-1,false,false,1,575.1
vegaFusion,flights,500000,-1,update,none,-1,false,false,1,481.3
vegaFusion,flights,500000,-1,update,none,-1,false,false,1,572.5
vegaFusion,flights,500000,-1,update,none,-1,false,false,1,575.5
vegaFusion,flights,500000,-1,update,none,-1,false,false,1,604.4
vegaFusion,flights,500000,-1,update,none,-1,false,false,1,484.8
vegaFusion,flights,500000,-1,update,none,-1,false,false,1,554.0
vegaFusion,flights,500000,-1,update,none,-1,false,false,1,499.2
vegaFusion,flights,500000,-1,update,none,-1,false,false,1,495.3
vegaFusion,flights,500000,-1,update,none,-1,false,false,1,494.7
vegaFusion,flights,500000,-1,update,none,-1,false,false,1,585.0
vegaFusion,flights,500000,-1,update,none,-1,false,false,1,473.3
vegaFusion,flights,500000,-1,update,none,-1,false,false,1,473.6
vegaFusion,flights,500000,-1,update,none,-1,false,false,1,582.4
vegaFusion,flights,500000,-1,update,none,-1,false,false,1,482.8
vegaFusion,flights,500000,-1,update,none,-1,false,false,1,571.4
vegaFusion,flights,500000,-1,update,none,-1,false,false,1,572.5
vegaFusion,flights,500000,-1,update,none,-1,false,false,1,500.0
vegaFusion,flights,500000,-1,update,none,-1,false,false,1,475.7
vegaFusion,flights,500000,-1,update,none,-1,false,false,1,555.2
vegaFusion,flights,500000,-1,update,none,-1,false,false,1,473.0
vegaFusion,flights,500000,-1,update,none,-1,false,false,1,472.8
vegaFusion,flights,50000,-1,update,none,-1,false,false,1,678.6
vegaFusion,flights,50000,-1,update,none,-1,false,false,1,488.0
vegaFusion,flights,50000,-1,update,none,-1,false,false,1,482.2
vegaFusion,flights,50000,-1,update,none,-1,false,false,1,473.7
vegaFusion,flights,50000,-1,update,none,-1,false,false,1,452.1
vegaFusion,flights,50000,-1,update,none,-1,false,false,1,446.7
vegaFusion,flights,50000,-1,update,none,-1,false,false,1,448.8
vegaFusion,flights,50000,-1,update,none,-1,false,false,1,449.3
vegaFusion,flights,50000,-1,update,none,-1,false,false,1,457.8
vegaFusion,flights,50000,-1,update,none,-1,false,false,1,456.0
vegaFusion,flights,50000,-1,update,none,-1,false,false,1,436.7
vegaFusion,flights,50000,-1,update,none,-1,false,false,1,458.2
vegaFusion,flights,50000,-1,update,none,-1,false,false,1,453.7
vegaFusion,flights,50000,-1,update,none,-1,false,false,1,433.9
vegaFusion,flights,50000,-1,update,none,-1,false,false,1,458.1
vegaFusion,flights,50000,-1,update,none,-1,false,false,1,436.5
vegaFusion,flights,50000,-1,update,none,-1,false,false,1,437.5
vegaFusion,flights,50000,-1,update,none,-1,false,false,1,446.3
vegaFusion,flights,50000,-1,update,none,-1,false,false,1,454.1
vegaFusion,flights,50000,-1,update,none,-1,false,false,1,442.7
vegaFusion,flights,50000,-1,update,none,-1,false,false,1,449.9
vegaFusion,flights,50000,-1,update,none,-1,false,false,1,438.6
vegaFusion,flights,50000,-1,update,none,-1,false,false,1,450.5
vegaFusion,flights,50000,-1,update,none,-1,false,false,1,429.8
vegaFusion,flights,50000,-1,update,none,-1,false,false,1,437.9
vegaFusion,flights,50000,-1,update,none,-1,false,false,1,446.0
vegaFusion,flights,50000,-1,update,none,-1,false,false,1,459.1
vegaFusion,flights,50000,-1,update,none,-1,false,false,1,430.9
vegaFusion,flights,50000,-1,update,none,-1,false,false,1,460.7
vegaFusion,flights,50000,-1,update,none,-1,false,false,1,444.9
vegaFusion,flights,50000,-1,update,none,-1,false,false,1,456.4
vegaFusion,flights,50000,-1,update,none,-1,false,false,1,437.4
vegaFusion,flights,50000,-1,update,none,-1,false,false,1,439.8
vegaFusion,flights,50000,-1,update,none,-1,false,false,1,441.0
vegaFusion,flights,50000,-1,update,none,-1,false,false,1,452.2
vegaFusion,flights,50000,-1,update,none,-1,false,false,1,472.7
vegaFusion,flights,50000,-1,update,none,-1,false,false,1,461.6
vegaFusion,flights,50000,-1,update,none,-1,false,false,1,476.1
vegaFusion,flights,50000,-1,update,none,-1,false,false,1,455.6
vegaFusion,flights,50000,-1,update,none,-1,false,false,1,460.3
vegaFusion,flights,50000,-1,update,none,-1,false,false,1,460.6
vegaFusion,flights,50000,-1,update,none,-1,false,false,1,474.8
vegaFusion,flights,50000,-1,update,none,-1,false,false,1,473.3
vegaFusion,flights,50000,-1,update,none,-1,false,false,1,452.1
vegaFusion,flights,50000,-1,update,none,-1,false,false,1,457.4
vegaFusion,flights,50000,-1,update,none,-1,false,false,1,464.5
vegaFusion,flights,50000,-1,update,none,-1,false,false,1,479.7
vegaFusion,flights,50000,-1,update,none,-1,false,false,1,438.4
vegaFusion,flights,50000,-1,update,none,-1,false,false,1,476.1
vegaFusion,flights,50000,-1,update,none,-1,false,false,1,450.7
vegaFusion,flights,50000,-1,update,none,-1,false,false,1,478.4
vegaFusion,flights,50000,-1,update,none,-1,false,false,1,468.1
vegaFusion,flights,50000,-1,update,none,-1,false,false,1,444.5
vegaFusion,flights,50000,-1,update,none,-1,false,false,1,454.7
vegaFusion,flights,50000,-1,update,none,-1,false,false,1,457.5
vegaFusion,flights,50000,-1,update,none,-1,false,false,1,443.9
vegaFusion,flights,50000,-1,update,none,-1,false,false,1,476.2
vegaFusion,flights,50000,-1,update,none,-1,false,false,1,478.8
vegaFusion,flights,50000,-1,update,none,-1,false,false,1,467.4
vegaFusion,flights,50000,-1,update,none,-1,false,false,1,478.5
vegaFusion,flights,50000,-1,update,none,-1,false,false,1,455.3
vegaFusion,flights,50000,-1,update,none,-1,false,false,1,471.8
vegaFusion,flights,50000,-1,update,none,-1,false,false,1,440.8
vegaFusion,flights,50000,-1,update,none,-1,false,false,1,448.3
vegaFusion,flights,50000,-1,update,none,-1,false,false,1,439.3
vegaFusion,flights,50000,-1,update,none,-1,false,false,1,459.4
vegaFusion,flights,50000,-1,update,none,-1,false,false,1,462.2
vegaFusion,flights,50000,-1,update,none,-1,false,false,1,440.7
vegaFusion,flights,50000,-1,update,none,-1,false,false,1,463.7
vegaFusion,flights,50000,-1,update,none,-1,false,false,1,438.8
vegaFusion,flights,50000,-1,update,none,-1,false,false,1,442.3
vegaFusion,flights,50000,-1,update,none,-1,false,false,1,471.3
vegaFusion,flights,50000,-1,update,none,-1,false,false,1,463.5
vegaFusion,flights,50000,-1,update,none,-1,false,false,1,450.1
vegaFusion,flights,50000,-1,update,none,-1,false,false,1,449.4
vegaFusion,flights,50000,-1,update,none,-1,false,false,1,437.9
vegaFusion,flights,50000,-1,update,none,-1,false,false,1,435.5
vegaFusion,flights,50000,-1,update,none,-1,false,false,1,440.5
vegaFusion,flights,50000,-1,update,none,-1,false,false,1,460.3
vegaFusion,flights,50000,-1,update,none,-1,false,false,1,445.3
vegaFusion,flights,50000,-1,update,none,-1,false,false,1,452.5
vegaFusion,flights,50000,-1,update,none,-1,false,false,1,445.5
vegaFusion,flights,50000,-1,update,none,-1,false,false,1,459.5
vegaFusion,flights,50000,-1,update,none,-1,false,false,1,440.9
vegaFusion,flights,50000,-1,update,none,-1,false,false,1,464.7
vegaFusion,flights,50000,-1,update,none,-1,false,false,1,446.3
vegaFusion,flights,50000,-1,update,none,-1,false,false,1,462.4
vegaFusion,flights,50000,-1,update,none,-1,false,false,1,446.0
vegaFusion,flights,50000,-1,update,none,-1,false,false,1,448.8
vegaFusion,flights,50000,-1,update,none,-1,false,false,1,461.1
vegaFusion,flights,50000,-1,update,none,-1,false,false,1,439.8
vegaFusion,flights,50000,-1,update,none,-1,false,false,1,464.0
vegaFusion,flights,50000,-1,update,none,-1,false,false,1,466.7
vegaFusion,flights,50000,-1,update,none,-1,false,false,1,462.3
vegaFusion,flights,50000,-1,update,none,-1,false,false,1,467.7
vegaFusion,flights,50000,-1,update,none,-1,false,false,1,453.4
vegaFusion,flights,50000,-1,update,none,-1,false,false,1,445.7
vegaFusion,flights,50000,-1,update,none,-1,false,false,1,453.6
vegaFusion,flights,50000,-1,update,none,-1,false,false,1,453.7
vegaFusion,flights,50000,-1,update,none,-1,false,false,1,461.9
vegaFusion,flights,50000,-1,update,none,-1,false,false,1,470.3
vegaFusion,flights,50000,-1,update,none,-1,false,false,1,465.8
vegaFusion,flights,50000,-1,update,none,-1,false,false,1,470.4
vegaFusion,flights,50000,-1,update,none,-1,false,false,1,450.3
vegaFusion,flights,50000,-1,update,none,-1,false,false,1,448.2
vegaFusion,flights,50000,-1,update,none,-1,false,false,1,443.5
vegaFusion,flights,50000,-1,update,none,-1,false,false,1,463.7
vegaFusion,flights,50000,-1,update,none,-1,false,false,1,463.6
vegaFusion,flights,50000,-1,update,none,-1,false,false,1,449.0
vegaFusion,flights,50000,-1,update,none,-1,false,false,1,461.7
vegaFusion,flights,50000,-1,update,none,-1,false,false,1,442.7
vegaFusion,flights,50000,-1,update,none,-1,false,false,1,449.7
vegaFusion,flights,50000,-1,update,none,-1,false,false,1,468.5
vegaFusion,flights,50000,-1,update,none,-1,false,false,1,455.8
vegaFusion,flights,50000,-1,update,none,-1,false,false,1,450.0
vegaFusion,flights,50000,-1,update,none,-1,false,false,1,450.3
vegaFusion,flights,50000,-1,update,none,-1,false,false,1,448.6
vegaFusion,flights,50000,-1,update,none,-1,false,false,1,443.9
vegaFusion,flights,50000,-1,update,none,-1,false,false,1,446.4
vegaFusion,flights,50000,-1,update,none,-1,false,false,1,446.7
vegaFusion,flights,50000,-1,update,none,-1,false,false,1,452.3
vegaFusion,flights,50000,-1,update,none,-1,false,false,1,462.7
vegaFusion,flights,50000,-1,update,none,-1,false,false,1,459.3
vegaFusion,flights,50000,-1,update,none,-1,false,false,1,443.9
vegaFusion,flights,50000,-1,update,none,-1,false,false,1,442.3
vegaFusion,flights,50000,-1,update,none,-1,false,false,1,446.5
vegaFusion,flights,50000,-1,update,none,-1,false,false,1,442.8
vegaFusion,flights,50000,-1,update,none,-1,false,false,1,446.8
vegaFusion,flights,50000,-1,update,none,-1,false,false,1,449.7
vegaFusion,flights,50000,-1,update,none,-1,false,false,1,464.4
vegaFusion,flights,50000,-1,update,none,-1,false,false,1,460.0
vegaFusion,flights,50000,-1,update,none,-1,false,false,1,439.7
vegaFusion,flights,50000,-1,update,none,-1,false,false,1,469.2
vegaFusion,flights,50000,-1,update,none,-1,false,false,1,465.1
vegaFusion,flights,50000,-1,update,none,-1,false,false,1,447.7
vegaFusion,flights,50000,-1,update,none,-1,false,false,1,462.2
vegaFusion,flights,50000,-1,update,none,-1,false,false,1,448.2
vegaFusion,flights,50000,-1,update,none,-1,false,false,1,445.6
vegaFusion,flights,50000,-1,update,none,-1,false,false,1,450.7
vegaFusion,flights,50000,-1,update,none,-1,false,false,1,456.5
vegaFusion,flights,50000,-1,update,none,-1,false,false,1,438.2
vegaFusion,flights,50000,-1,update,none,-1,false,false,1,446.1
vegaFusion,flights,50000,-1,update,none,-1,false,false,1,449.1
vegaFusion,flights,50000,-1,update,none,-1,false,false,1,464.2
vegaFusion,flights,50000,-1,update,none,-1,false,false,1,453.2
vegaFusion,flights,50000,-1,update,none,-1,false,false,1,440.7
vegaFusion,flights,50000,-1,update,none,-1,false,false,1,460.3
vegaFusion,flights,50000,-1,update,none,-1,false,false,1,446.7
vegaFusion,flights,50000,-1,update,none,-1,false,false,1,449.1
vegaFusion,flights,50000,-1,update,none,-1,false,false,1,469.7
vegaFusion,flights,50000,-1,update,none,-1,false,false,1,447.0
vegaFusion,flights,50000,-1,update,none,-1,false,false,1,466.1
vegaFusion,flights,50000,-1,update,none,-1,false,false,1,459.9
vegaFusion,flights,50000,-1,update,none,-1,false,false,1,463.6
vegaFusion,flights,50000,-1,update,none,-1,false,false,1,451.6
vegaFusion,flights,50000,-1,update,none,-1,false,false,1,460.0
vegaFusion,flights,50000,-1,update,none,-1,false,false,1,447.3
vegaFusion,flights,50000,-1,update,none,-1,false,false,1,455.0
vegaFusion,flights,50000,-1,update,none,-1,false,false,1,453.6
vegaFusion,flights,50000,-1,update,none,-1,false,false,1,464.2
vegaFusion,flights,50000,-1,update,none,-1,false,false,1,445.5
vegaFusion,flights,50000,-1,update,none,-1,false,false,1,441.8
vegaFusion,flights,50000,-1,update,none,-1,false,false,1,468.1
vegaFusion,flights,50000,-1,update,none,-1,false,false,1,445.3
vegaFusion,flights,50000,-1,update,none,-1,false,false,1,465.4
vegaFusion,flights,50000,-1,update,none,-1,false,false,1,469.0
vegaFusion,flights,50000,-1,update,none,-1,false,false,1,453.5
vegaFusion,flights,50000,-1,update,none,-1,false,false,1,449.4
vegaFusion,flights,50000,-1,update,none,-1,false,false,1,460.6
vegaFusion,flights,50000,-1,update,none,-1,false,false,1,438.1
vegaFusion,flights,50000,-1,update,none,-1,false,false,1,447.0
vegaFusion,flights,50000,-1,update,none,-1,false,false,1,474.7
vegaFusion,flights,50000,-1,update,none,-1,false,false,1,444.5
vegaFusion,flights,1000000,-1,update,none,-1,false,false,1,730.2
vegaFusion,flights,1000000,-1,update,none,-1,false,false,1,710.1
vegaFusion,flights,1000000,-1,update,none,-1,false,false,1,693.5
vegaFusion,flights,1000000,-1,update,none,-1,false,false,1,586.1
vegaFusion,flights,1000000,-1,update,none,-1,false,false,1,573.8
vegaFusion,flights,1000000,-1,update,none,-1,false,false,1,589.9
vegaFusion,flights,1000000,-1,update,none,-1,false,false,1,612.2
vegaFusion,flights,1000000,-1,update,none,-1,false,false,1,743.9
vegaFusion,flights,1000000,-1,update,none,-1,false,false,1,722.8
vegaFusion,flights,1000000,-1,update,none,-1,false,false,1,573.8
vegaFusion,flights,1000000,-1,update,none,-1,false,false,1,707.1
vegaFusion,flights,1000000,-1,update,none,-1,false,false,1,693.6
vegaFusion,flights,1000000,-1,update,none,-1,false,false,1,554.3
vegaFusion,flights,1000000,-1,update,none,-1,false,false,1,742.3
vegaFusion,flights,1000000,-1,update,none,-1,false,false,1,712.9
vegaFusion,flights,1000000,-1,update,none,-1,false,false,1,573.4
vegaFusion,flights,1000000,-1,update,none,-1,false,false,1,561.9
vegaFusion,flights,1000000,-1,update,none,-1,false,false,1,684.8
vegaFusion,flights,1000000,-1,update,none,-1,false,false,1,549.1
vegaFusion,flights,1000000,-1,update,none,-1,false,false,1,600.0
vegaFusion,flights,1000000,-1,update,none,-1,false,false,1,703.8
vegaFusion,flights,1000000,-1,update,none,-1,false,false,1,566.2
vegaFusion,flights,1000000,-1,update,none,-1,false,false,1,717.0
vegaFusion,flights,1000000,-1,update,none,-1,false,false,1,568.5
vegaFusion,flights,1000000,-1,update,none,-1,false,false,1,597.2
vegaFusion,flights,1000000,-1,update,none,-1,false,false,1,562.2
vegaFusion,flights,1000000,-1,update,none,-1,false,false,1,580.7
vegaFusion,flights,1000000,-1,update,none,-1,false,false,1,601.4
vegaFusion,flights,1000000,-1,update,none,-1,false,false,1,736.9
vegaFusion,flights,1000000,-1,update,none,-1,false,false,1,550.9
vegaFusion,flights,1000000,-1,update,none,-1,false,false,1,743.6
vegaFusion,flights,1000000,-1,update,none,-1,false,false,1,616.0
vegaFusion,flights,1000000,-1,update,none,-1,false,false,1,584.7
vegaFusion,flights,1000000,-1,update,none,-1,false,false,1,581.9
vegaFusion,flights,1000000,-1,update,none,-1,false,false,1,741.0
vegaFusion,flights,1000000,-1,update,none,-1,false,false,1,575.8
vegaFusion,flights,1000000,-1,update,none,-1,false,false,1,556.4
vegaFusion,flights,1000000,-1,update,none,-1,false,false,1,575.1
vegaFusion,flights,1000000,-1,update,none,-1,false,false,1,584.3
vegaFusion,flights,1000000,-1,update,none,-1,false,false,1,730.0
vegaFusion,flights,1000000,-1,update,none,-1,false,false,1,572.6
vegaFusion,flights,1000000,-1,update,none,-1,false,false,1,735.0
vegaFusion,flights,1000000,-1,update,none,-1,false,false,1,588.7
vegaFusion,flights,1000000,-1,update,none,-1,false,false,1,608.2
vegaFusion,flights,1000000,-1,update,none,-1,false,false,1,599.3
vegaFusion,flights,1000000,-1,update,none,-1,false,false,1,739.7
vegaFusion,flights,1000000,-1,update,none,-1,false,false,1,726.5
vegaFusion,flights,1000000,-1,update,none,-1,false,false,1,555.1
vegaFusion,flights,1000000,-1,update,none,-1,false,false,1,570.0
vegaFusion,flights,1000000,-1,update,none,-1,false,false,1,560.5
vegaFusion,flights,1000000,-1,update,none,-1,false,false,1,728.1
vegaFusion,flights,1000000,-1,update,none,-1,false,false,1,565.0
vegaFusion,flights,1000000,-1,update,none,-1,false,false,1,565.7
vegaFusion,flights,1000000,-1,update,none,-1,false,false,1,726.5
vegaFusion,flights,1000000,-1,update,none,-1,false,false,1,579.1
vegaFusion,flights,1000000,-1,update,none,-1,false,false,1,583.7
vegaFusion,flights,1000000,-1,update,none,-1,false,false,1,766.3
vegaFusion,flights,1000000,-1,update,none,-1,false,false,1,584.3
vegaFusion,flights,1000000,-1,update,none,-1,false,false,1,585.3
vegaFusion,flights,1000000,-1,update,none,-1,false,false,1,733.1
vegaFusion,flights,1000000,-1,update,none,-1,false,false,1,572.1
vegaFusion,flights,1000000,-1,update,none,-1,false,false,1,607.5
vegaFusion,flights,1000000,-1,update,none,-1,false,false,1,592.4
vegaFusion,flights,1000000,-1,update,none,-1,false,false,1,602.2
vegaFusion,flights,1000000,-1,update,none,-1,false,false,1,587.2
vegaFusion,flights,1000000,-1,update,none,-1,false,false,1,586.6
vegaFusion,flights,1000000,-1,update,none,-1,false,false,1,585.3
vegaFusion,flights,1000000,-1,update,none,-1,false,false,1,556.5
vegaFusion,flights,1000000,-1,update,none,-1,false,false,1,746.3
vegaFusion,flights,1000000,-1,update,none,-1,false,false,1,719.0
vegaFusion,flights,1000000,-1,update,none,-1,false,false,1,577.8
vegaFusion,flights,1000000,-1,update,none,-1,false,false,1,742.2
vegaFusion,flights,1000000,-1,update,none,-1,false,false,1,736.4
vegaFusion,flights,1000000,-1,update,none,-1,false,false,1,568.7
vegaFusion,flights,1000000,-1,update,none,-1,false,false,1,724.7
vegaFusion,flights,1000000,-1,update,none,-1,false,false,1,588.7
vegaFusion,flights,1000000,-1,update,none,-1,false,false,1,605.8
vegaFusion,flights,1000000,-1,update,none,-1,false,false,1,760.8
vegaFusion,flights,1000000,-1,update,none,-1,false,false,1,755.0
vegaFusion,flights,1000000,-1,update,none,-1,false,false,1,589.1
vegaFusion,flights,1000000,-1,update,none,-1,false,false,1,600.7
vegaFusion,flights,1000000,-1,update,none,-1,false,false,1,597.1
vegaFusion,flights,1000000,-1,update,none,-1,false,false,1,588.7
vegaFusion,flights,1000000,-1,update,none,-1,false,false,1,760.3
vegaFusion,flights,1000000,-1,update,none,-1,false,false,1,583.4
vegaFusion,flights,1000000,-1,update,none,-1,false,false,1,617.7
vegaFusion,flights,1000000,-1,update,none,-1,false,false,1,581.7
vegaFusion,flights,1000000,-1,update,none,-1,false,false,1,589.9
vegaFusion,flights,1000000,-1,update,none,-1,false,false,1,577.5
vegaFusion,flights,1000000,-1,update,none,-1,false,false,1,748.0
vegaFusion,flights,1000000,-1,update,none,-1,false,false,1,577.7
vegaFusion,flights,1000000,-1,update,none,-1,false,false,1,586.6
vegaFusion,flights,1000000,-1,update,none,-1,false,false,1,590.9
vegaFusion,flights,1000000,-1,update,none,-1,false,false,1,730.3
vegaFusion,flights,1000000,-1,update,none,-1,false,false,1,607.9
vegaFusion,flights,1000000,-1,update,none,-1,false,false,1,722.2
vegaFusion,flights,1000000,-1,update,none,-1,false,false,1,581.9
vegaFusion,flights,1000000,-1,update,none,-1,false,false,1,563.2
vegaFusion,flights,1000000,-1,update,none,-1,false,false,1,582.8
vegaFusion,flights,1000000,-1,update,none,-1,false,false,1,746.0
vegaFusion,flights,1000000,-1,update,none,-1,false,false,1,577.9
vegaFusion,flights,1000000,-1,update,none,-1,false,false,1,750.4
vegaFusion,flights,1000000,-1,update,none,-1,false,false,1,581.9
vegaFusion,flights,1000000,-1,update,none,-1,false,false,1,740.3
vegaFusion,flights,1000000,-1,update,none,-1,false,false,1,754.0
vegaFusion,flights,1000000,-1,update,none,-1,false,false,1,617.8
vegaFusion,flights,1000000,-1,update,none,-1,false,false,1,599.6
vegaFusion,flights,1000000,-1,update,none,-1,false,false,1,562.6
vegaFusion,flights,1000000,-1,update,none,-1,false,false,1,732.5
vegaFusion,flights,1000000,-1,update,none,-1,false,false,1,559.0
vegaFusion,flights,1000000,-1,update,none,-1,false,false,1,743.6
vegaFusion,flights,1000000,-1,update,none,-1,false,false,1,576.7
vegaFusion,flights,1000000,-1,update,none,-1,false,false,1,572.6
vegaFusion,flights,1000000,-1,update,none,-1,false,false,1,675.8
vegaFusion,flights,1000000,-1,update,none,-1,false,false,1,768.5
vegaFusion,flights,1000000,-1,update,none,-1,false,false,1,584.7
vegaFusion,flights,1000000,-1,update,none,-1,false,false,1,558.5
vegaFusion,flights,1000000,-1,update,none,-1,false,false,1,741.0
vegaFusion,flights,1000000,-1,update,none,-1,false,false,1,724.9
vegaFusion,flights,1000000,-1,update,none,-1,false,false,1,748.8
vegaFusion,flights,1000000,-1,update,none,-1,false,false,1,607.9
vegaFusion,flights,1000000,-1,update,none,-1,false,false,1,576.0
vegaFusion,flights,1000000,-1,update,none,-1,false,false,1,606.6
vegaFusion,flights,1000000,-1,update,none,-1,false,false,1,606.7
vegaFusion,flights,1000000,-1,update,none,-1,false,false,1,712.8
vegaFusion,flights,1000000,-1,update,none,-1,false,false,1,592.6
vegaFusion,flights,1000000,-1,update,none,-1,false,false,1,595.5
vegaFusion,flights,1000000,-1,update,none,-1,false,false,1,598.3
vegaFusion,flights,1000000,-1,update,none,-1,false,false,1,763.2
vegaFusion,flights,1000000,-1,update,none,-1,false,false,1,739.5
vegaFusion,flights,1000000,-1,update,none,-1,false,false,1,567.3
vegaFusion,flights,1000000,-1,update,none,-1,false,false,1,572.8
vegaFusion,flights,1000000,-1,update,none,-1,false,false,1,582.8
vegaFusion,flights,1000000,-1,update,none,-1,false,false,1,588.4
vegaFusion,flights,1000000,-1,update,none,-1,false,false,1,567.2
vegaFusion,flights,1000000,-1,update,none,-1,false,false,1,575.6
vegaFusion,flights,1000000,-1,update,none,-1,false,false,1,732.1
vegaFusion,flights,1000000,-1,update,none,-1,false,false,1,578.1
vegaFusion,flights,1000000,-1,update,none,-1,false,false,1,719.3
vegaFusion,flights,1000000,-1,update,none,-1,false,false,1,718.7
vegaFusion,flights,1000000,-1,update,none,-1,false,false,1,568.3
vegaFusion,flights,1000000,-1,update,none,-1,false,false,1,602.5
vegaFusion,flights,1000000,-1,update,none,-1,false,false,1,612.2
vegaFusion,flights,1000000,-1,update,none,-1,false,false,1,595.0
vegaFusion,flights,1000000,-1,update,none,-1,false,false,1,761.1
vegaFusion,flights,1000000,-1,update,none,-1,false,false,1,749.4
vegaFusion,flights,1000000,-1,update,none,-1,false,false,1,590.4
vegaFusion,flights,1000000,-1,update,none,-1,false,false,1,699.3
vegaFusion,flights,1000000,-1,update,none,-1,false,false,1,573.1
vegaFusion,flights,1000000,-1,update,none,-1,false,false,1,730.9
vegaFusion,flights,1000000,-1,update,none,-1,false,false,1,567.6
vegaFusion,flights,10000000,-1,update,none,-1,false,false,1,2771.8
vegaFusion,flights,10000000,-1,update,none,-1,false,false,1,2772.3
vegaFusion,flights,10000000,-1,update,none,-1,false,false,1,1869.4
vegaFusion,flights,10000000,-1,update,none,-1,false,false,1,962.0
vegaFusion,flights,10000000,-1,update,none,-1,false,false,1,933.6
vegaFusion,flights,10000000,-1,update,none,-1,false,false,1,967.3
vegaFusion,flights,10000000,-1,update,none,-1,false,false,1,1323.8
vegaFusion,flights,10000000,-1,update,none,-1,false,false,1,2782.9
vegaFusion,flights,10000000,-1,update,none,-1,false,false,1,2747.8
vegaFusion,flights,10000000,-1,update,none,-1,false,false,1,2630.8
vegaFusion,flights,10000000,-1,update,none,-1,false,false,1,950.7
vegaFusion,flights,10000000,-1,update,none,-1,false,false,1,2941.2
vegaFusion,flights,10000000,-1,update,none,-1,false,false,1,1109.8
vegaFusion,flights,10000000,-1,update,none,-1,false,false,1,1108.0
vegaFusion,flights,10000000,-1,update,none,-1,false,false,1,2807.5
vegaFusion,flights,10000000,-1,update,none,-1,false,false,1,1189.2
vegaFusion,flights,10000000,-1,update,none,-1,false,false,1,2990.0
vegaFusion,flights,10000000,-1,update,none,-1,false,false,1,3002.7
vegaFusion,flights,10000000,-1,update,none,-1,false,false,1,1452.5
vegaFusion,flights,10000000,-1,update,none,-1,false,false,1,1094.2
vegaFusion,flights,10000000,-1,update,none,-1,false,false,1,1067.7
vegaFusion,flights,10000000,-1,update,none,-1,false,false,1,1259.6
vegaFusion,flights,10000000,-1,update,none,-1,false,false,1,2709.2
vegaFusion,flights,10000000,-1,update,none,-1,false,false,1,2722.3
vegaFusion,flights,10000000,-1,update,none,-1,false,false,1,910.1
vegaFusion,flights,10000000,-1,update,none,-1,false,false,1,931.6
vegaFusion,flights,10000000,-1,update,none,-1,false,false,1,2732.3
vegaFusion,flights,10000000,-1,update,none,-1,false,false,1,952.5
vegaFusion,flights,10000000,-1,update,none,-1,false,false,1,948.1
vegaFusion,flights,10000000,-1,update,none,-1,false,false,1,976.4
vegaFusion,flights,10000000,-1,update,none,-1,false,false,1,2798.7
vegaFusion,flights,10000000,-1,update,none,-1,false,false,1,2715.4
vegaFusion,flights,10000000,-1,update,none,-1,false,false,1,927.9
vegaFusion,flights,10000000,-1,update,none,-1,false,false,1,989.1
vegaFusion,flights,10000000,-1,update,none,-1,false,false,1,2746.5
vegaFusion,flights,10000000,-1,update,none,-1,false,false,1,974.0
vegaFusion,flights,10000000,-1,update,none,-1,false,false,1,929.8
vegaFusion,flights,10000000,-1,update,none,-1,false,false,1,931.3
vegaFusion,flights,10000000,-1,update,none,-1,false,false,1,2759.1
vegaFusion,flights,10000000,-1,update,none,-1,false,false,1,913.9
vegaFusion,flights,10000000,-1,update,none,-1,false,false,1,2566.9
vegaFusion,flights,10000000,-1,update,none,-1,false,false,1,914.2
vegaFusion,flights,10000000,-1,update,none,-1,false,false,1,2702.0
vegaFusion,flights,10000000,-1,update,none,-1,false,false,1,977.7
vegaFusion,flights,10000000,-1,update,none,-1,false,false,1,2616.9
vegaFusion,flights,10000000,-1,update,none,-1,false,false,1,996.4
vegaFusion,flights,10000000,-1,update,none,-1,false,false,1,955.9
vegaFusion,flights,10000000,-1,update,none,-1,false,false,1,947.1
vegaFusion,flights,10000000,-1,update,none,-1,false,false,1,981.3
vegaFusion,flights,10000000,-1,update,none,-1,false,false,1,991.7
vegaFusion,flights,10000000,-1,update,none,-1,false,false,1,963.9
vegaFusion,flights,10000000,-1,update,none,-1,false,false,1,954.0
vegaFusion,flights,10000000,-1,update,none,-1,false,false,1,2838.7
vegaFusion,flights,10000000,-1,update,none,-1,false,false,1,972.3
vegaFusion,flights,10000000,-1,update,none,-1,false,false,1,2765.0
vegaFusion,flights,10000000,-1,update,none,-1,false,false,1,956.1
vegaFusion,flights,10000000,-1,update,none,-1,false,false,1,2678.3
vegaFusion,flights,10000000,-1,update,none,-1,false,false,1,947.5
vegaFusion,flights,10000000,-1,update,none,-1,false,false,1,2724.7
vegaFusion,flights,10000000,-1,update,none,-1,false,false,1,904.2
vegaFusion,flights,10000000,-1,update,none,-1,false,false,1,2273.7
vegaFusion,flights,10000000,-1,update,none,-1,false,false,1,930.5
vegaFusion,flights,10000000,-1,update,none,-1,false,false,1,955.3
vegaFusion,flights,10000000,-1,update,none,-1,false,false,1,953.4
vegaFusion,flights,10000000,-1,update,none,-1,false,false,1,976.0
vegaFusion,flights,10000000,-1,update,none,-1,false,false,1,941.7
vegaFusion,flights,10000000,-1,update,none,-1,false,false,1,2828.5
vegaFusion,flights,10000000,-1,update,none,-1,false,false,1,957.0
vegaFusion,flights,10000000,-1,update,none,-1,false,false,1,2835.3
vegaFusion,flights,10000000,-1,update,none,-1,false,false,1,950.9
vegaFusion,flights,10000000,-1,update,none,-1,false,false,1,1063.1
vegaFusion,flights,10000000,-1,update,none,-1,false,false,1,943.9
vegaFusion,flights,10000000,-1,update,none,-1,false,false,1,969.3
vegaFusion,flights,10000000,-1,update,none,-1,false,false,1,962.2
vegaFusion,flights,10000000,-1,update,none,-1,false,false,1,2783.4
vegaFusion,flights,10000000,-1,update,none,-1,false,false,1,1021.5
vegaFusion,flights,10000000,-1,update,none,-1,false,false,1,1014.4
vegaFusion,flights,10000000,-1,update,none,-1,false,false,1,2732.5
vegaFusion,flights,10000000,-1,update,none,-1,false,false,1,2439.0
vegaFusion,flights,10000000,-1,update,none,-1,false,false,1,935.0
vegaFusion,flights,10000000,-1,update,none,-1,false,false,1,940.1
vegaFusion,flights,10000000,-1,update,none,-1,false,false,1,2701.7
vegaFusion,flights,10000000,-1,update,none,-1,false,false,1,2730.0
vegaFusion,flights,10000000,-1,update,none,-1,false,false,1,2510.0
vegaFusion,flights,10000000,-1,update,none,-1,false,false,1,1049.9
vegaFusion,flights,10000000,-1,update,none,-1,false,false,1,919.2
vegaFusion,flights,10000000,-1,update,none,-1,false,false,1,938.1
vegaFusion,flights,10000000,-1,update,none,-1,false,false,1,2751.3
vegaFusion,flights,10000000,-1,update,none,-1,false,false,1,2778.1
vegaFusion,flights,10000000,-1,update,none,-1,false,false,1,2735.1
vegaFusion,flights,10000000,-1,update,none,-1,false,false,1,958.3
vegaFusion,flights,10000000,-1,update,none,-1,false,false,1,1004.5
vegaFusion,flights,10000000,-1,update,none,-1,false,false,1,967.8
vegaFusion,flights,10000000,-1,update,none,-1,false,false,1,963.6
vegaFusion,flights,10000000,-1,update,none,-1,false,false,1,2063.3
vegaFusion,flights,10000000,-1,update,none,-1,false,false,1,2698.2
vegaFusion,flights,10000000,-1,update,none,-1,false,false,1,935.0
vegaFusion,flights,10000000,-1,update,none,-1,false,false,1,917.4
vegaFusion,flights,10000000,-1,update,none,-1,false,false,1,970.0
vegaFusion,flights,10000000,-1,update,none,-1,false,false,1,2084.5
vegaFusion,flights,10000000,-1,update,none,-1,false,false,1,992.7
vegaFusion,flights,10000000,-1,update,none,-1,false,false,1,2715.9
vegaFusion,flights,10000000,-1,update,none,-1,false,false,1,978.2
vegaFusion,flights,10000000,-1,update,none,-1,false,false,1,2669.7
vegaFusion,flights,10000000,-1,update,none,-1,false,false,1,1072.5
vegaFusion,flights,10000000,-1,update,none,-1,false,false,1,1253.8
vegaFusion,flights,10000000,-1,update,none,-1,false,false,1,913.9
vegaFusion,flights,10000000,-1,update,none,-1,false,false,1,977.7
vegaFusion,flights,10000000,-1,update,none,-1,false,false,1,986.1
vegaFusion,flights,10000000,-1,update,none,-1,false,false,1,1093.2
vegaFusion,flights,10000000,-1,update,none,-1,false,false,1,1150.2
vegaFusion,flights,10000000,-1,update,none,-1,false,false,1,2621.1
vegaFusion,flights,10000000,-1,update,none,-1,false,false,1,2296.4
vegaFusion,flights,10000000,-1,update,none,-1,false,false,1,999.5
vegaFusion,flights,10000000,-1,update,none,-1,false,false,1,914.3
vegaFusion,flights,10000000,-1,update,none,-1,false,false,1,939.0
vegaFusion,flights,10000000,-1,update,none,-1,false,false,1,948.8
vegaFusion,flights,10000000,-1,update,none,-1,false,false,1,992.0
vegaFusion,flights,10000000,-1,update,none,-1,false,false,1,948.6
vegaFusion,flights,10000000,-1,update,none,-1,false,false,1,2754.6
vegaFusion,flights,10000000,-1,update,none,-1,false,false,1,912.9
vegaFusion,flights,10000000,-1,update,none,-1,false,false,1,2685.6
vegaFusion,flights,10000000,-1,update,none,-1,false,false,1,914.8
vegaFusion,flights,10000000,-1,update,none,-1,false,false,1,2712.2
vegaFusion,flights,10000000,-1,update,none,-1,false,false,1,944.6
vegaFusion,flights,10000000,-1,update,none,-1,false,false,1,1004.5
vegaFusion,flights,10000000,-1,update,none,-1,false,false,1,946.3
vegaFusion,flights,10000000,-1,update,none,-1,false,false,1,918.0
vegaFusion,flights,10000000,-1,update,none,-1,false,false,1,993.1
vegaFusion,flights,10000000,-1,update,none,-1,false,false,1,971.8
vegaFusion,flights,10000000,-1,update,none,-1,false,false,1,2652.3
vegaFusion,flights,10000000,-1,update,none,-1,false,false,1,915.1
vegaFusion,flights,10000000,-1,update,none,-1,false,false,1,2666.6
vegaFusion,flights,10000000,-1,update,none,-1,false,false,1,937.5
vegaFusion,flights,10000000,-1,update,none,-1,false,false,1,2699.7
vegaFusion,flights,10000000,-1,update,none,-1,false,false,1,2658.7
vegaFusion,flights,10000000,-1,update,none,-1,false,false,1,2706.2
vegaFusion,flights,10000000,-1,update,none,-1,false,false,1,2039.2
vegaFusion,flights,10000000,-1,update,none,-1,false,false,1,969.6
vegaFusion,flights,10000000,-1,update,none,-1,false,false,1,959.4
vegaFusion,flights,10000000,-1,update,none,-1,false,false,1,2766.5
vegaFusion,flights,10000000,-1,update,none,-1,false,false,1,941.5
vegaFusion,flights,10000000,-1,update,none,-1,false,false,1,2723.5
vegaFusion,flights,10000000,-1,update,none,-1,false,false,1,2764.8
vegaFusion,flights,10000000,-1,update,none,-1,false,false,1,990.9
vegaFusion,flights,10000000,-1,update,none,-1,false,false,1,940.5
vegaFusion,flights,10000000,-1,update,none,-1,false,false,1,2329.1
vegaFusion,flights,10000000,-1,update,none,-1,false,false,1,955.9
vegaFusion,flights,10000000,-1,update,none,-1,false,false,1,2701.4
vegaFusion,flights,10000000,-1,update,none,-1,false,false,1,922.8
Vega,flights,50000,-1,update,none,-1,false,false,1,40.74753761291504
Vega,flights,50000,-1,update,none,-1,false,false,1,29.153423309326172
Vega,flights,50000,-1,update,none,-1,false,false,1,27.942426681518555
Vega,flights,50000,-1,update,none,-1,false,false,1,29.20588493347168
Vega,flights,50000,-1,update,none,-1,false,false,1,29.264163970947266
Vega,flights,50000,-1,update,none,-1,false,false,1,28.30126190185547
Vega,flights,50000,-1,update,none,-1,false,false,1,28.233957290649414
Vega,flights,50000,-1,update,none,-1,false,false,1,28.413894653320312
Vega,flights,50000,-1,update,none,-1,false,false,1,28.17425537109375
Vega,flights,50000,-1,update,none,-1,false,false,1,28.1768798828125
Vega,flights,50000,-1,update,none,-1,false,false,1,28.163537979125977
Vega,flights,50000,-1,update,none,-1,false,false,1,27.019941329956055
Vega,flights,50000,-1,update,none,-1,false,false,1,27.215059280395508
Vega,flights,50000,-1,update,none,-1,false,false,1,27.677268981933594
Vega,flights,50000,-1,update,none,-1,false,false,1,28.37906265258789
Vega,flights,50000,-1,update,none,-1,false,false,1,27.106464385986328
Vega,flights,50000,-1,update,none,-1,false,false,1,26.565311431884766
Vega,flights,50000,-1,update,none,-1,false,false,1,29.69611930847168
Vega,flights,50000,-1,update,none,-1,false,false,1,27.14201545715332
Vega,flights,50000,-1,update,none,-1,false,false,1,26.74856948852539
Vega,flights,500000,-1,update,none,-1,false,false,1,334.8816261291504
Vega,flights,500000,-1,update,none,-1,false,false,1,326.9891109466553
Vega,flights,500000,-1,update,none,-1,false,false,1,322.5468101501465
Vega,flights,500000,-1,update,none,-1,false,false,1,325.54840087890625
Vega,flights,500000,-1,update,none,-1,false,false,1,324.6295986175537
Vega,flights,500000,-1,update,none,-1,false,false,1,323.43726348876953
Vega,flights,500000,-1,update,none,-1,false,false,1,322.7904052734375
Vega,flights,500000,-1,update,none,-1,false,false,1,321.79920959472656
Vega,flights,500000,-1,update,none,-1,false,false,1,322.3935146331787
Vega,flights,500000,-1,update,none,-1,false,false,1,322.35070419311523
Vega,flights,500000,-1,update,none,-1,false,false,1,323.38830947875977
Vega,flights,500000,-1,update,none,-1,false,false,1,325.30076026916504
Vega,flights,500000,-1,update,none,-1,false,false,1,334.7314624786377
Vega,flights,500000,-1,update,none,-1,false,false,1,324.75806427001953
Vega,flights,500000,-1,update,none,-1,false,false,1,332.04786682128906
Vega,flights,500000,-1,update,none,-1,false,false,1,324.329927444458
Vega,flights,500000,-1,update,none,-1,false,false,1,322.11669731140137
Vega,flights,500000,-1,update,none,-1,false,false,1,327.966251373291
Vega,flights,500000,-1,update,none,-1,false,false,1,323.5299606323242
Vega,flights,500000,-1,update,none,-1,false,false,1,323.3264427185058
Vega,flights,500000,-1,update,none,-1,false,false,1,334.8816261291504
Vega,flights,500000,-1,update,none,-1,false,false,1,326.9891109466553
Vega,flights,500000,-1,update,none,-1,false,false,1,322.5468101501465
Vega,flights,500000,-1,update,none,-1,false,false,1,325.54840087890625
Vega,flights,500000,-1,update,none,-1,false,false,1,324.6295986175537
Vega,flights,500000,-1,update,none,-1,false,false,1,323.43726348876953
Vega,flights,500000,-1,update,none,-1,false,false,1,322.7904052734375
Vega,flights,500000,-1,update,none,-1,false,false,1,321.79920959472656
Vega,flights,500000,-1,update,none,-1,false,false,1,322.3935146331787
Vega,flights,500000,-1,update,none,-1,false,false,1,322.35070419311523
Vega,flights,500000,-1,update,none,-1,false,false,1,323.38830947875977
Vega,flights,500000,-1,update,none,-1,false,false,1,325.30076026916504
Vega,flights,500000,-1,update,none,-1,false,false,1,334.7314624786377
Vega,flights,500000,-1,update,none,-1,false,false,1,324.75806427001953
Vega,flights,500000,-1,update,none,-1,false,false,1,332.04786682128906
Vega,flights,500000,-1,update,none,-1,false,false,1,324.329927444458
Vega,flights,500000,-1,update,none,-1,false,false,1,322.11669731140137
Vega,flights,500000,-1,update,none,-1,false,false,1,327.966251373291
Vega,flights,500000,-1,update,none,-1,false,false,1,323.5299606323242
Vega,flights,500000,-1,update,none,-1,false,false,1,323.32644271850586
Vega,flights,1000000,-1,update,none,-1,false,false,1,697.8008117675781
Vega,flights,1000000,-1,update,none,-1,false,false,1,688.0294589996338
Vega,flights,1000000,-1,update,none,-1,false,false,1,708.0994987487793
Vega,flights,1000000,-1,update,none,-1,false,false,1,692.5432929992676
Vega,flights,1000000,-1,update,none,-1,false,false,1,697.3980312347412
Vega,flights,1000000,-1,update,none,-1,false,false,1,694.95920753479
Vega,flights,1000000,-1,update,none,-1,false,false,1,704.4951038360596
Vega,flights,1000000,-1,update,none,-1,false,false,1,709.129940032959
Vega,flights,1000000,-1,update,none,-1,false,false,1,704.6130218505859
Vega,flights,1000000,-1,update,none,-1,false,false,1,696.2539005279541
Vega,flights,1000000,-1,update,none,-1,false,false,1,691.6980419158936
Vega,flights,1000000,-1,update,none,-1,false,false,1,691.205207824707
Vega,flights,1000000,-1,update,none,-1,false,false,1,690.4870052337646
Vega,flights,1000000,-1,update,none,-1,false,false,1,690.9835510253906
Vega,flights,1000000,-1,update,none,-1,false,false,1,687.5558967590332
Vega,flights,1000000,-1,update,none,-1,false,false,1,694.1676235198975
Vega,flights,1000000,-1,update,none,-1,false,false,1,710.3557949066162
Vega,flights,1000000,-1,update,none,-1,false,false,1,696.247631072998
Vega,flights,1000000,-1,update,none,-1,false,false,1,694.5623550415039
Vega,flights,1000000,-1,update,none,-1,false,false,1,701.6019096374512
VegaPlus,flights,50000,-1,update,none,-1,false,false,1,16.78721618652344
VegaPlus,flights,50000,-1,update,none,-1,false,false,1,17.74395561218262
VegaPlus,flights,50000,-1,update,none,-1,false,false,1,31.83501625061035
VegaPlus,flights,50000,-1,update,none,-1,false,false,1,22.766611099243164
VegaPlus,flights,50000,-1,update,none,-1,false,false,1,29.60107612609863
VegaPlus,flights,50000,-1,update,none,-1,false,false,1,42.81084060668945
VegaPlus,flights,50000,-1,update,none,-1,false,false,1,30.459083557128906
VegaPlus,flights,50000,-1,update,none,-1,false,false,1,19.11110496520996
VegaPlus,flights,50000,-1,update,none,-1,false,false,1,41.297489166259766
VegaPlus,flights,50000,-1,update,none,-1,false,false,1,22.2805881500244
VegaPlus,flights,50000,-1,update,none,-1,false,false,1,46.71329879760742
VegaPlus,flights,50000,-1,update,none,-1,false,false,1,18.140735626220703
VegaPlus,flights,50000,-1,update,none,-1,false,false,1,45.2463626861572
VegaPlus,flights,50000,-1,update,none,-1,false,false,1,16.74261474609375
VegaPlus,flights,50000,-1,update,none,-1,false,false,1,19.295045852661133
VegaPlus,flights,50000,-1,update,none,-1,false,false,1,42.15291595458984
VegaPlus,flights,50000,-1,update,none,-1,false,false,1,24.975034713745117
VegaPlus,flights,50000,-1,update,none,-1,false,false,1,11.039634704589844
VegaPlus,flights,50000,-1,update,none,-1,false,false,1,8.863204956054688
VegaPlus,flights,500000,-1,update,none,-1,false,false,1,43.72164726257324
VegaPlus,flights,500000,-1,update,none,-1,false,false,1,28.754695892333984
VegaPlus,flights,500000,-1,update,none,-1,false,false,1,22.76776695251465
VegaPlus,flights,500000,-1,update,none,-1,false,false,1,23.223936080932617
VegaPlus,flights,500000,-1,update,none,-1,false,false,1,111.86856842041016
VegaPlus,flights,500000,-1,update,none,-1,false,false,1,34.16317176818848
VegaPlus,flights,500000,-1,update,none,-1,false,false,1,63.10782432556152
VegaPlus,flights,500000,-1,update,none,-1,false,false,1,74.4017391204834
VegaPlus,flights,500000,-1,update,none,-1,false,false,1,71.4146614074707
VegaPlus,flights,500000,-1,update,none,-1,false,false,1,27.742429733276367
VegaPlus,flights,500000,-1,update,none,-1,false,false,1,30.47239875793457
VegaPlus,flights,500000,-1,update,none,-1,false,false,1,28.641395568847656
VegaPlus,flights,500000,-1,update,none,-1,false,false,1,61.70669746398926
VegaPlus,flights,500000,-1,update,none,-1,false,false,1,49.76986885070801
VegaPlus,flights,500000,-1,update,none,-1,false,false,1,62.69162178039551
VegaPlus,flights,500000,-1,update,none,-1,false,false,1,29.101316452026367
VegaPlus,flights,500000,-1,update,none,-1,false,false,1,61.117069244384766
VegaPlus,flights,500000,-1,update,none,-1,false,false,1,60.63841247558594
VegaPlus,flights,500000,-1,update,none,-1,false,false,1,124.35874557495117
VegaPlus,flights,500000,-1,update,none,-1,false,false,1,24.74919891357422
VegaPlus,flights,10000000,-1,update,none,-1,false,false,1,343.8217716217041
VegaPlus,flights,10000000,-1,update,none,-1,false,false,1,331.82368659973145
VegaPlus,flights,10000000,-1,update,none,-1,false,false,1,236.61783027648926
VegaPlus,flights,10000000,-1,update,none,-1,false,false,1,100.5997371673584
VegaPlus,flights,10000000,-1,update,none,-1,false,false,1,311.92033767700195
VegaPlus,flights,10000000,-1,update,none,-1,false,false,1,207.77485466003418
VegaPlus,flights,10000000,-1,update,none,-1,false,false,1,16.944944381713867
VegaPlus,flights,10000000,-1,update,none,-1,false,false,1,249.04882621765137
VegaPlus,flights,10000000,-1,update,none,-1,false,false,1,29.0560302734375
VegaPlus,flights,10000000,-1,update,none,-1,false,false,1,272.1808090209961
VegaPlus,flights,10000000,-1,update,none,-1,false,false,1,307.65697288513184
VegaPlus,flights,10000000,-1,update,none,-1,false,false,1,228.87810707092285
VegaPlus,flights,10000000,-1,update,none,-1,false,false,1,358.961612701416
VegaPlus,flights,10000000,-1,update,none,-1,false,false,1,323.7010135650635
VegaPlus,flights,10000000,-1,update,none,-1,false,false,1,36.8182487487793
VegaPlus,flights,10000000,-1,update,none,-1,false,false,1,184.07395362854004
VegaPlus,flights,10000000,-1,update,none,-1,false,false,1,157.60176467895508
VegaPlus,flights,10000000,-1,update,none,-1,false,false,1,328.1574535369873
VegaPlus,flights,10000000,-1,update,none,-1,false,false,1,315.28270149230957
VegaPlus,flights,10000000,-1,update,none,-1,false,false,1,392.5568656921387
VegaPlus,flights,1000000,-1,update,none,-1,false,false,1,113.8259220123291
VegaPlus,flights,1000000,-1,update,none,-1,false,false,1,27.44025230407715
VegaPlus,flights,1000000,-1,update,none,-1,false,false,1,127.77444648742676
VegaPlus,flights,1000000,-1,update,none,-1,false,false,1,63.80298614501953
VegaPlus,flights,1000000,-1,update,none,-1,false,false,1,32.15042686462402
VegaPlus,flights,1000000,-1,update,none,-1,false,false,1,66.8901309967041
VegaPlus,flights,1000000,-1,update,none,-1,false,false,1,133.92690086364746
VegaPlus,flights,1000000,-1,update,none,-1,false,false,1,26.626708984375
VegaPlus,flights,1000000,-1,update,none,-1,false,false,1,18.858793258666992
VegaPlus,flights,1000000,-1,update,none,-1,false,false,1,135.30207443237305
VegaPlus,flights,1000000,-1,update,none,-1,false,false,1,27.49321937561035
VegaPlus,flights,1000000,-1,update,none,-1,false,false,1,119.49626731872559
VegaPlus,flights,1000000,-1,update,none,-1,false,false,1,136.31550216674805
VegaPlus,flights,1000000,-1,update,none,-1,false,false,1,60.6998233795166
VegaPlus,flights,1000000,-1,update,none,-1,false,false,1,14.678075790405273
VegaPlus,flights,1000000,-1,update,none,-1,false,false,1,126.6059627532959
VegaPlus,flights,1000000,-1,update,none,-1,false,false,1,15.760210037231445
VegaPlus,flights,1000000,-1,update,none,-1,false,false,1,22.50921058654785
VegaPlus,flights,1000000,-1,update,none,-1,false,false,1,148.76300430297852
VegaPlus,flights,1000000,-1,update,none,-1,false,false,1,17.081453323364258
